-- Seed data for development/demo purposes

-- Teachers
INSERT INTO "teachers" ("id", "name", "email", "document", "degree", "specialization", "admission_date", "created_at", "updated_at") VALUES
  ('a0000001-0000-0000-0000-000000000001', 'Carlos Eduardo Mendes', 'carlos.mendes@escola.edu.br', '111.222.333-01', 'Doutor', 'Matemática Aplicada', '2018-03-01 00:00:00+00', '2018-03-01 00:00:00+00', '2018-03-01 00:00:00+00'),
  ('a0000001-0000-0000-0000-000000000002', 'Ana Paula Ferreira', 'ana.ferreira@escola.edu.br', '222.333.444-02', 'Mestre', 'Ciência da Computação', '2019-07-15 00:00:00+00', '2019-07-15 00:00:00+00', '2019-07-15 00:00:00+00'),
  ('a0000001-0000-0000-0000-000000000003', 'Roberto Lima Silva', 'roberto.silva@escola.edu.br', '333.444.555-03', 'Especialista', 'Engenharia de Software', '2020-02-10 00:00:00+00', '2020-02-10 00:00:00+00', '2020-02-10 00:00:00+00');
--> statement-breakpoint

-- Subjects
INSERT INTO "subjects" ("id", "name", "code", "workload", "description", "created_at", "updated_at") VALUES
  ('b0000002-0000-0000-0000-000000000001', 'Cálculo I', 'MAT101', 80, 'Introdução ao cálculo diferencial e integral de funções de uma variável.', '2024-01-01 00:00:00+00', '2024-01-01 00:00:00+00'),
  ('b0000002-0000-0000-0000-000000000002', 'Algoritmos e Estruturas de Dados', 'CC201', 80, 'Fundamentos de algoritmos, complexidade e estruturas de dados clássicas.', '2024-01-01 00:00:00+00', '2024-01-01 00:00:00+00'),
  ('b0000002-0000-0000-0000-000000000003', 'Engenharia de Software', 'ES301', 60, 'Processos, metodologias e boas práticas de desenvolvimento de software.', '2024-01-01 00:00:00+00', '2024-01-01 00:00:00+00');
--> statement-breakpoint

-- Students
INSERT INTO "students" ("id", "name", "email", "document", "registration", "created_at", "updated_at") VALUES
  ('c0000003-0000-0000-0000-000000000001', 'Lucas Henrique Souza', 'lucas.souza@aluno.edu.br', '001.002.003-01', '2024001001', '2024-02-01 00:00:00+00', '2024-02-01 00:00:00+00'),
  ('c0000003-0000-0000-0000-000000000002', 'Mariana Costa Oliveira', 'mariana.oliveira@aluno.edu.br', '002.003.004-02', '2024001002', '2024-02-01 00:00:00+00', '2024-02-01 00:00:00+00'),
  ('c0000003-0000-0000-0000-000000000003', 'Pedro Augusto Rocha', 'pedro.rocha@aluno.edu.br', '003.004.005-03', '2024001003', '2024-02-01 00:00:00+00', '2024-02-01 00:00:00+00'),
  ('c0000003-0000-0000-0000-000000000004', 'Fernanda Alves Martins', 'fernanda.martins@aluno.edu.br', '004.005.006-04', '2024001004', '2024-02-01 00:00:00+00', '2024-02-01 00:00:00+00'),
  ('c0000003-0000-0000-0000-000000000005', 'Gabriel Teixeira Nunes', 'gabriel.nunes@aluno.edu.br', '005.006.007-05', '2024001005', '2024-02-01 00:00:00+00', '2024-02-01 00:00:00+00');
--> statement-breakpoint

-- Class offerings
INSERT INTO "class_offerings" ("id", "subject_id", "teacher_id", "start_date", "end_date", "status", "created_at", "updated_at") VALUES
  ('d0000004-0000-0000-0000-000000000001', 'b0000002-0000-0000-0000-000000000001', 'a0000001-0000-0000-0000-000000000001', '2025-02-10 00:00:00+00', '2025-06-20 00:00:00+00', 'active', '2025-01-15 00:00:00+00', '2025-01-15 00:00:00+00'),
  ('d0000004-0000-0000-0000-000000000002', 'b0000002-0000-0000-0000-000000000002', 'a0000001-0000-0000-0000-000000000002', '2025-02-10 00:00:00+00', '2025-06-20 00:00:00+00', 'active', '2025-01-15 00:00:00+00', '2025-01-15 00:00:00+00'),
  ('d0000004-0000-0000-0000-000000000003', 'b0000002-0000-0000-0000-000000000003', 'a0000001-0000-0000-0000-000000000003', '2025-02-10 00:00:00+00', '2025-06-20 00:00:00+00', 'inactive', '2025-01-15 00:00:00+00', '2025-01-15 00:00:00+00');
--> statement-breakpoint

-- Enrollments
INSERT INTO "enrollments" ("id", "student_id", "class_offering_id", "status", "enrolled_at", "canceled_at", "created_at", "updated_at") VALUES
  ('e0000005-0000-0000-0000-000000000001', 'c0000003-0000-0000-0000-000000000001', 'd0000004-0000-0000-0000-000000000001', 'active',   '2025-02-08 00:00:00+00', NULL, '2025-02-08 00:00:00+00', '2025-02-08 00:00:00+00'),
  ('e0000005-0000-0000-0000-000000000002', 'c0000003-0000-0000-0000-000000000002', 'd0000004-0000-0000-0000-000000000001', 'active',   '2025-02-08 00:00:00+00', NULL, '2025-02-08 00:00:00+00', '2025-02-08 00:00:00+00'),
  ('e0000005-0000-0000-0000-000000000003', 'c0000003-0000-0000-0000-000000000003', 'd0000004-0000-0000-0000-000000000001', 'canceled', '2025-02-08 00:00:00+00', '2025-03-01 00:00:00+00', '2025-02-08 00:00:00+00', '2025-03-01 00:00:00+00'),
  ('e0000005-0000-0000-0000-000000000004', 'c0000003-0000-0000-0000-000000000001', 'd0000004-0000-0000-0000-000000000002', 'active',   '2025-02-08 00:00:00+00', NULL, '2025-02-08 00:00:00+00', '2025-02-08 00:00:00+00'),
  ('e0000005-0000-0000-0000-000000000005', 'c0000003-0000-0000-0000-000000000004', 'd0000004-0000-0000-0000-000000000002', 'active',   '2025-02-08 00:00:00+00', NULL, '2025-02-08 00:00:00+00', '2025-02-08 00:00:00+00'),
  ('e0000005-0000-0000-0000-000000000006', 'c0000003-0000-0000-0000-000000000005', 'd0000004-0000-0000-0000-000000000002', 'active',   '2025-02-09 00:00:00+00', NULL, '2025-02-09 00:00:00+00', '2025-02-09 00:00:00+00');
--> statement-breakpoint

-- Attendances (lesson_id represents a specific class session UUID)
INSERT INTO "attendances" ("id", "student_id", "lesson_id", "class_offering_id", "status", "created_at", "updated_at") VALUES
  ('f0000006-0000-0000-0000-000000000001', 'c0000003-0000-0000-0000-000000000001', 'f1000000-0000-0000-0000-000000000001', 'd0000004-0000-0000-0000-000000000001', 'present', '2025-02-12 10:00:00+00', '2025-02-12 10:00:00+00'),
  ('f0000006-0000-0000-0000-000000000002', 'c0000003-0000-0000-0000-000000000002', 'f1000000-0000-0000-0000-000000000001', 'd0000004-0000-0000-0000-000000000001', 'present', '2025-02-12 10:00:00+00', '2025-02-12 10:00:00+00'),
  ('f0000006-0000-0000-0000-000000000003', 'c0000003-0000-0000-0000-000000000001', 'f1000000-0000-0000-0000-000000000002', 'd0000004-0000-0000-0000-000000000001', 'absent',  '2025-02-19 10:00:00+00', '2025-02-19 10:00:00+00'),
  ('f0000006-0000-0000-0000-000000000004', 'c0000003-0000-0000-0000-000000000002', 'f1000000-0000-0000-0000-000000000002', 'd0000004-0000-0000-0000-000000000001', 'present', '2025-02-19 10:00:00+00', '2025-02-19 10:00:00+00'),
  ('f0000006-0000-0000-0000-000000000005', 'c0000003-0000-0000-0000-000000000001', 'f1000000-0000-0000-0000-000000000003', 'd0000004-0000-0000-0000-000000000002', 'present', '2025-02-14 14:00:00+00', '2025-02-14 14:00:00+00'),
  ('f0000006-0000-0000-0000-000000000006', 'c0000003-0000-0000-0000-000000000004', 'f1000000-0000-0000-0000-000000000003', 'd0000004-0000-0000-0000-000000000002', 'present', '2025-02-14 14:00:00+00', '2025-02-14 14:00:00+00'),
  ('f0000006-0000-0000-0000-000000000007', 'c0000003-0000-0000-0000-000000000005', 'f1000000-0000-0000-0000-000000000003', 'd0000004-0000-0000-0000-000000000002', 'absent',  '2025-02-14 14:00:00+00', '2025-02-14 14:00:00+00');
